name,x1,y1,x2,y2
photo-1518926193355-384108491160.jpg,1745,467,2320,1728
photo-1533781967626-30da4a7fc297.jpg,660,624,2102,3888
29320bb8.jpg,1159,366,1338,920
91JuTaUSKaMh2yjB1C4A_IMG_9284.jpg,545,491,929,1509
91JuTaUSKaMh2yjB1C4A_IMG_92842.jpg,1091,984,1858,3018
9nfsYstTyWEJKScHr3MV_IMG_64502.jpg,1324,679,2851,2821
photo-1414202251636-d05ac44c0182.jpg,702,307,1437,1448
photo-1419717567666-6e559d5e0339.jpg,1079,968,1643,2360
photo-1422286498868-c8edde90b032.jpg,1498,687,1682,1116
photo-1422376790210-eb2edd76eca4.jpg,1491,394,1941,762
photo-1427087252968-da7c6c18450c.jpg,924,885,1587,1667
photo-1428931996691-a5108d4cdbf5.jpg,361,662,2542,3888
photo-1429594801156-2c53a0d4f96e.jpg,1103,479,1768,2612
photo-1429777975613-c529ef4b49e2.jpg,675,632,715,723
photo-1436128003323-97dab5d267a9.jpg,1202,437,1407,1132
photo-1436476549056-cdf7e8f3d8e3.jpg,835,320,1129,1156
photo-1436919831943-52437d8d9bfd.jpg,742,468,1985,1728
photo-1438761681033-6461ffad8d80.jpg,389,109,2188,1728
photo-1440589473619-3cde28941638.jpg,415,63,2592,3888
photo-1441123100240-f9f3f77ed41b.jpg,188,1344,2535,3888
photo-1441690636075-59519564be46.jpg,548,33,1609,1728
photo-1442965416224-f6a7eca980fa.jpg,1183,1005,1367,1416
photo-1444720895098-cbd6b640c909.jpg,1112,602,1399,1127
photo-1445052793853-0ee1d6ef1cbb.jpg,945,598,1580,1504
photo-1445053023192-8d45cb66099d.jpg,713,293,2115,1728
photo-1449614115178-cb924f730780.jpg,1085,373,1648,1728
photo-1450500392544-c2cb0fd6e3b8.jpg,504,258,1956,1542
photo-1453348552546-3909ca820dd2.jpg,1259,768,1393,1170
photo-1453396450673-3fe83d2db2c4.jpg,0,112,2406,3888
photo-1458044508387-6825c08a7870.jpg,379,215,1439,1365
photo-1460058418905-d61a1b4a55fe.jpg,0,0,1959,1256
photo-1460639652457-dc0629e460fb.jpg,1128,795,1514,1728
photo-1460723237483-7a6dc9d0b212.jpg,103,351,2354,1728
photo-1460794418188-1bb7dba2720d.jpg,802,295,1748,1467
photo-1461935793258-ac2ac2c930b2.jpg,553,457,2220,3888
photo-1462042398216-8f22618dc7df.jpg,692,0,1562,1395
photo-1462430638866-7ad892655344.jpg,1049,176,1673,1613
photo-1462674332772-fc6f90da9774.jpg,1163,631,1514,1733
photo-1463062511209-f7aa591fa72f.jpg,1604,654,2212,1360
photo-1463080197951-ea6abbd2bb9c.jpg,796,0,2086,1279
photo-1464746133101-a2c3f88e0dd9.jpg,1153,735,1485,1592
photo-1464809185700-7d3c5ed9c5b0.jpg,1164,1395,1435,2127
photo-1465070845512-2b2dbdc6df66.jpg,1276,1657,1422,2164
photo-1465080298426-c19339a41ddf.jpg,410,687,1118,1512
photo-1465429167186-266ef03d6277.jpg,95,753,2570,3880
photo-1465984111739-03a1ee4647a0.jpg,1077,450,1510,1662
photo-1466709270977-7b387d9d3471.jpg,704,802,1129,1620
photo-1466916119434-d72cdf577c4d.jpg,1035,286,1589,2073
photo-1467010234262-77bada75a47d.jpg,792,1275,1818,3476
photo-1468078809804-4c7b3e60a478.jpg,1049,589,1606,1561
photo-1468112014733-deb9e1f8ddd2.jpg,926,134,1679,1728
photo-1469332183683-f2bce6607452.jpg,213,567,1163,1728
photo-1432656878500-70bbc0c37e85.jpg,509,212,2449,1728
photo-1451176327679-754c4ccdb008.jpg,375,274,1013,1728
photo-1463701700197-69d4180d3ce6.jpg,729,214,1664,1384
photo-1469334031218-e382a71b716b.jpg,807,195,1865,1728
photo-1474543023591-8f8635ac03c0.jpg,1179,253,1934,1728
photo-1483884105135-c06ea81a7a80.jpg,1031,555,1615,1728
photo-1488161628813-04466f872be2.jpg,947,1303,1686,3063
photo-1495996146452-1737b3678c78.jpg,707,242,2317,1722
photo-1499418745830-dbc03921f935.jpg,334,1634,1517,3233
photo-1503249023995-51b0f3778ccf.jpg,615,871,2102,4180
photo-1517232757230-5daf906e5fad.jpg,213,319,2122,3898
photo-1518211608833-067cb12ef566.jpg,1096,1569,1520,2901
photo-1469395013119-ca3b424d83e5.jpg,1508,806,1665,1214
photo-1470010762743-1fa2363f65ca.jpg,584,1158,2258,1535
photo-1470138831303-3e77dd49163e.jpg,1467,631,1793,1476
photo-1470431335808-cbaa90b4d1f7.jpg,399,159,784,1454
photo-1471539491521-29b5b92d0e47.jpg,1134,475,1514,1728
photo-1472417583565-62e7bdeda490.jpg,435,0,2400,3346
photo-1472954253026-157558836cd2.jpg,1305,1125,1654,1583
photo-1473991138396-3a0af1248d8c.jpg,1038,539,1721,1604
photo-1473993702977-1706a7f23164.jpg,1412,861,1822,1564
photo-1474031317822-f51f48735ddd.jpg,493,327,1971,1728
photo-1474176857210-7287d38d27c6.jpg,730,143,1815,1728
photo-1474291102916-622af5ff18bb.jpg,1512,245,2344,1704
photo-1475007210481-efa08831d477.jpg,287,817,2266,3888
photo-1475359476683-cb0be9a3bcfc.jpg,1324,682,1483,1133
photo-1475823678248-624fc6f85785.jpg,1073,138,2399,1728
photo-1476147578954-fffd6bf00ab0.jpg,753,337,1873,1728
photo-1476254737979-40c1226140e4.jpg,1072,471,1494,1398
photo-1476297820623-03984cf5cdbb.jpg,648,603,958,1499
photo-1476466690904-c367891adaf7.jpg,394,836,497,1057
photo-1477118476589-bff2c5c4cfbb.jpg,537,35,1883,1728
photo-1477414876610-1ec826f2e689.jpg,59,230,2592,1728
photo-1477591546808-36d4a193cbc2.jpg,668,649,1833,3723
photo-1477672172458-cb2c76e30d11.jpg,1219,798,1377,1188
photo-1479849579573-e1d76a5449b0.jpg,1583,452,1982,1764
photo-1480184554339-226ca2ced2e2.jpg,622,403,2058,1730
photo-1480812494744-bfed1358a9b7.jpg,454,1702,2068,3884
photo-1481437642641-2f0ae875f836.jpg,717,540,1894,1728
photo-1481917410599-be70d7ba7550.jpg,1111,472,1527,1662
photo-1482498102508-dc3dfd605eaf.jpg,1209,273,2336,1728
photo-1483199095378-ce6e77cd1c0d.jpg,1087,1217,1230,1479
photo-1483666852720-824ca74c50ca.jpg,1968,1045,2145,1367
photo-1483738264799-0a03c7a9889f.jpg,0,264,1136,1724
photo-1483818393761-3b8c1f18c185.jpg,1275,1735,1774,2619
photo-1484006882057-fd39521f1579.jpg,1308,932,1484,1433
photo-1484191025110-4043236d4cdf.jpg,754,1596,1526,3254
photo-1484973550311-411a70d6edb5.jpg,927,282,1878,1653
photo-1485206283729-2ca7d035185e.jpg,328,475,1995,2592
photo-1485206412256-701ccc5b93ca.jpg,0,367,2505,2532
photo-1485875437342-9b39470b3d95.jpg,161,33,1636,1723
photo-1486092573896-31a373bf1aad.jpg,1226,361,1495,1291
photo-1487261189359-01fa4871e508.jpg,545,1015,1647,3700
photo-1487339498226-33f35a1d8a13.jpg,1119,826,1438,1570
photo-1487528001669-63c47a53fd39.jpg,1106,1158,1465,1774
photo-1487613647282-7bd9d161e688.jpg,1086,933,1854,3888
photo-1487893667092-772cdd6fe0ec.jpg,1058,478,1604,1728
photo-1488539621750-1e0a7ebf61b8.jpg,1111,316,2020,1725
photo-1488953348951-d465fedacbc3.jpg,431,1285,2223,4113
photo-1489148767413-6ba6dd20c471.jpg,1102,1282,2199,3240
photo-1489980478712-2ab535aa775f.jpg,1059,495,1582,1617
photo-1490138139357-fc819d02e344.jpg,1155,770,1399,1488
photo-1491131346874-e9854a44e6ff.jpg,801,737,1001,921
photo-1491382825904-a4c6dca98e8c.jpg,1255,1123,1326,1299
photo-1491555103944-7c647fd857e6.jpg,1189,899,1473,1486
photo-1491609154219-ffd3ffafd992.jpg,1262,624,1620,1010
photo-1492288991661-058aa541ff43.jpg,135,847,2333,3888
photo-1492567291473-fe3dfc175b45.jpg,1021,1566,1478,2256
photo-1492681290082-e932832941e6.jpg,607,522,1301,1252
photo-1494675006433-9e9428eba6c7.jpg,1413,571,1590,1174
photo-1494708001911-679f5d15a946.jpg,957,404,1578,1730
photo-1494790108377-be9c29b29330.jpg,173,398,2490,3888
photo-1494959764136-6be9eb3c261e.jpg,937,586,1286,1534
photo-1495216875107-c6c043eb703f.jpg,1137,2247,1514,3286
photo-1495366691023-cc4eadcc2d7e.jpg,788,600,1754,3358
photo-1495995424756-6a5a3f9e7543.jpg,16,153,2220,1717
photo-1496076977604-c07450d07690.jpg,0,1745,2448,1825
photo-1496302662116-35cc4f36df92.jpg,1164,341,1554,1489
photo-1496545087308-51ec893e6bbc.jpg,1401,387,1883,1404
photo-1496882727996-22878d655fc5.jpg,445,729,784,1363
photo-1497021707778-a743a0bb2961.jpg,274,173,1413,1652
photo-1497561813398-8fcc7a37b567.jpg,292,415,678,1117
photo-1498019559366-a1cbd07b5160.jpg,875,307,1934,1488
photo-1498238619816-7bee58e8cbdb.jpg,1116,454,1706,1717
photo-1498609458988-7b2c70d9213a.jpg,1606,947,2145,1728
photo-1499281851221-5bce936073b0.jpg,848,637,1255,1709
photo-1499353966104-ec5c73302e82.jpg,1081,1676,1589,2832
photo-1499409035215-761b8f074e51.jpg,1135,90,1506,1302
photo-1499482125586-91609c0b5fd4.jpg,593,2391,2035,3888
photo-1499893494194-1bd01a016061.jpg,1005,309,1622,1728
photo-1499952127939-9bbf5af6c51c.jpg,809,126,2326,1717
photo-1500061982269-8126fe112dc0.jpg,988,729,1319,1184
photo-1500088139251-37350df3c1ad.jpg,1170,2265,1554,3418
photo-1500106067612-d3b2531fc762.jpg,1166,1986,1528,3071
photo-1500259783852-0ca9ce8a64dc.jpg,1546,1145,2157,2085
photo-1500264345546-767369bbd93c.jpg,1111,547,1487,1619
photo-1500336624523-d727130c3328.jpg,433,1087,2073,3888
photo-1500628550463-c8881a54d4d4.jpg,673,303,1330,1731
photo-1500762880816-90413abf38df.jpg,929,2346,1532,3888
photo-1502791451862-7bd8c1df43a7.jpg,1442,1154,2052,2759
photo-1502890749000-7407b3aed352.jpg,1116,2353,1448,3678
photo-1503023345310-bd7c1de61c7d.jpg,891,730,1665,2462
photo-1517265035603-faefa167335b.jpg,1700,609,2060,1809
photo-1517308883849-ceac3c24681e.jpg,264,848,1790,3008
photo-1517327155544-d63a1db77997.jpg,429,1076,1425,3008
photo-1517344296525-3f2079b011d9.jpg,1073,140,2413,1728
photo-1517345002316-fe727fa4eb17.jpg,1173,429,1679,1728
photo-1517352088629-ef1efffaadb9.jpg,1060,262,2575,1725
photo-1517481700215-fddbbf01b509.jpg,1806,742,2592,1728
photo-1517666467076-d6453b500ade.jpg,925,188,2159,1723
photo-1517841416045-94ed85a4e7bd.jpg,632,119,2175,1728
photo-1517894775688-07292b9d37d3.jpg,526,184,1398,1728
photo-1517934274943-d1749ff2d7a8.jpg,745,382,1209,1549
photo-1517971129774-8a2b38fa128e.jpg,707,375,2403,3600
photo-1518026620598-11e8ca5662c3.jpg,800,497,1822,3034
photo-1518182457238-aacf9536971d.jpg,52,140,1082,1514
photo-1518269075763-e073153495d7.jpg,1252,492,1581,1392
photo-1518350509036-a3fa8216a874.jpg,1143,311,1547,1511
photo-1518518873111-6ca469aa4560.jpg,522,830,2141,3888
photo-1518553127526-5058fb0c8210.jpg,905,1668,1469,3260
photo-1518644672559-989648509aa8.jpg,1123,247,1807,1728
photo-1518644730709-0835105d9daa.jpg,168,46,2519,1728
photo-1518651558381-e111dc4e655f.jpg,673,1021,2208,3888
photo-1518654734721-178191875754.jpg,1844,567,2296,1728
photo-1518689016133-c812df02059a.jpg,447,158,1204,1728
photo-1518712743-5fa6ec04832e.jpg,981,658,1577,1730
photo-1518718498887-3d0bd898cb9d.jpg,817,171,1909,1850
photo-1518757753498-43616cc67747.jpg,946,2159,1703,3888
photo-1518873344759-7036999dc4ef.jpg,0,691,1424,1936
photo-1518882300677-48cc76cc8463.jpg,270,246,2352,3883
photo-1519018094032-dd9fb177778e.jpg,41,738,2588,3888
photo-1519058082700-08a0b56da9b4.jpg,235,195,1816,3888
photo-1519076381129-b4234ae7e573.jpg,0,384,1460,2208
photo-1519085360753-af0119f7cbe7.jpg,602,611,2451,3888
photo-1519105548049-8e4ad05e2fa5.jpg,537,734,2592,3888
photo-1519186355038-001a49d5ca06.jpg,880,619,2592,1944
photo-1519344976017-0048e2db7a36.jpg,578,1532,1856,3888
photo-1519430160540-ac688ff6b590.jpg,549,469,2251,3888
photo-1519474072549-535cde8b7e7d.jpg,865,290,2491,3146
photo-1519593552800-5525cdd7c6f2.jpg,497,215,2592,1725
photo-1519624168461-3f1df67564cc.jpg,956,342,1534,1071
photo-1519639481551-a806b0a37aac.jpg,662,996,2085,3888
photo-1519689373023-dd07c7988603.jpg,187,919,2592,3888
photo-1519733833087-3b1ceb8d56c5.jpg,839,288,1775,3386
photo-1519782296706-fb99bb6f7591.jpg,1056,889,1519,2803
photo-1519803409317-890485d8dd13.jpg,1073,445,1475,1592
photo-1519850233541-1e15c1c84190.jpg,156,1161,2592,3888
photo-1519882882460-966092a360d4.jpg,642,125,1989,1722
photo-1520026278183-f1362e3f5cda.jpg,541,44,1656,1728
photo-1520243616502-310c00e82b33.jpg,784,547,1362,1674
photo-1520248033529-d05cd1981e6f.jpg,840,360,2320,1728
photo-1520266355436-00cf9484b09a.jpg,1754,548,2186,1549
photo-1520349035191-16930cae6cb3.jpg,748,70,1607,1729
photo-1520386909218-72b5e0550126.jpg,1031,163,1525,1511
photo-1520402787196-ac6264cda85f.jpg,333,656,2520,3654
photo-1520979949579-fa7887733703.jpg,881,1369,1702,3633
photo-1520998116484-6eeb2f72b5b9.jpg,800,249,2013,1653
photo-1521001122591-1122b8595b0e.jpg,1052,1961,1349,3083
photo-1521001636296-0d74d9cf6463.jpg,1094,785,1634,1728
photo-1521029303451-fe960a6abd6f.jpg,292,2225,866,3724
photo-1521038063972-ab961f8515b5.jpg,24,585,2592,3888
photo-1521061031016-d1f617b22812.jpg,762,993,1117,2186
photo-1521127432826-f4d644402b78.jpg,1051,1174,1529,2825
photo-1521132293557-5b908a59d1e1.jpg,203,131,2592,1944
photo-1521166226003-6cc5aa8002df.jpg,759,1249,1828,3796
photo-1521388316693-6a0e8d6f2327.jpg,1943,106,2552,1793
photo-1521443331827-88ee11ea2706.jpg,180,481,1195,2160
photo-1521676129211-b7a9e7592e65.jpg,516,529,2237,3886
photo-1521767605299-30899a8b54da.jpg,647,1178,1468,3796
photo-1522015276679-763c0fba448d.jpg,954,26,2592,1728
photo-1522032183912-b0363624909d.jpg,834,292,1209,1502
photo-1522075469751-3a6694fb2f61.jpg,319,192,2592,2592
photo-1522098635833-216c03d81fbe.jpg,202,1263,2425,3847
photo-1522110062882-5882267d3ea3.jpg,841,999,1799,2974
photo-1522160159549-eb963306a15b.jpg,106,288,1153,2208
photo-1522506209496-4536d9020ec4.jpg,1033,755,1307,1518
photo-1522649164000-8b1e51ec349e.jpg,730,513,1354,2385
photo-1522845015757-50bce044e5da.jpg,729,349,2106,1365
photo-1522878308970-972ec5eedc0d.jpg,559,2281,2151,3457
photo-1522973000467-8af35c4f36b6.jpg,486,725,843,1728
photo-1523130745820-17eaff0f9dc0.jpg,1091,654,1489,1574
photo-1523154080482-faa42c0c5125.jpg,1066,1605,1725,3601
photo-1523177567729-8771749914c9.jpg,782,1675,1640,3595
photo-1523261198601-c72a58a64159.jpg,1129,68,2186,1598
photo-1523294557-3637e1db3f33.jpg,2016,110,2592,1655
photo-1523299874194-2cc5c3fb01d6.jpg,1154,1760,1490,3001
photo-1523319244021-da2f2196547a.jpg,906,614,1170,1330
photo-1523326536800-499e7bdc7b9e.jpg,1050,1304,1569,2920
photo-1523355276824-bf3820c39fc8.jpg,738,1498,1616,3811
photo-1523363892019-44da10dddb40.jpg,1522,556,1788,1295
photo-1523387282479-ae7166314e62.jpg,987,401,1664,1728
photo-1523419951196-9c85a25cd485.jpg,813,1050,1742,3774
photo-1523453462319-8c5bc9c9d3b3.jpg,1716,93,2103,1728
photo-1523464523578-2072447e663d.jpg,551,565,2005,3577
photo-1523504706857-0b1cc4956993.jpg,808,418,1797,1728
photo-1523506591153-1504ba186b3b.jpg,1178,1490,1462,2366
photo-1523630713882-fbcc8f919a82.jpg,593,1018,1711,2182
photo-1523647341782-d761bce0004c.jpg,419,1279,2415,3888
photo-1523704665369-bd8492bae4ee.jpg,1187,1988,1509,2937
photo-1523779917675-b6ed3a42a561.jpg,846,1841,1808,3840
photo-1523910088385-d313124c68aa.jpg,1126,620,1409,1502
photo-1523975864490-174dd4d9a41e.jpg,995,802,1612,1642
photo-1523983254932-c7e6571c9d60.jpg,460,537,2202,2499
photo-1524054272861-f52657295c58.jpg,969,1518,1483,2645
photo-1524087689795-d449b477c4dd.jpg,272,569,1456,1952
photo-1524112895789-54005634716d.jpg,727,357,1430,1728
photo-1524113844544-cc3b5cc3fb71.jpg,309,6,2457,1730
photo-1524171285578-02e6c9cbef5e.jpg,752,1732,1830,4020
photo-1524201373483-b95dee91cddb.jpg,0,226,2070,3876
photo-1524206291214-bcc7886b3fd1.jpg,784,1447,2340,3888
photo-1524250502761-1ac6f2e30d43.jpg,602,1591,1994,3884
photo-1524293568345-75d62c3664f7.jpg,974,1582,1632,3555
photo-1524502397800-2eeaad7c3fe5.jpg,122,206,2406,3888
photo-1524504388940-b1c1722653e1.jpg,494,617,2186,3888
photo-1524587883928-99faeaa52d68.jpg,1114,906,1463,1842
photo-1524638431109-93d95c968f03.jpg,0,828,1953,3888
photo-1525701970475-cb407a2715af.jpg,568,743,732,931
photo-1525782758178-16507055ae37.jpg,446,403,2592,3888
photo-1525797896303-37e5da89113a.jpg,749,1131,1559,3437
photo-1525875975471-999f65706a10.jpg,637,129,2327,1728
photo-1526065258944-2ebacd27085d.jpg,120,259,2388,3240
photo-1526160404000-b3f5ec7071a0.jpg,0,89,2592,3782
photo-1526162505964-95e1caf85b1b.jpg,945,1350,1799,3240
photo-1526288417508-9811d4a31686.jpg,687,152,2100,3888
photo-1526328297956-d3384b8ea146.jpg,1034,529,1412,1464
photo-1526382925646-27b5eb86796e.jpg,542,294,2592,2592
photo-1526387780285-2d05a3a97f70.jpg,0,353,2466,3423
photo-1526404684912-a81cdc6e6e11.jpg,262,191,2307,1728
photo-1526413232644-8a40f03cc03b.jpg,477,929,2592,3888
photo-1526449066878-320ea3ca7a95.jpg,1169,445,2027,1728
photo-1526449870103-234e4c371681.jpg,321,461,1540,2560
photo-1526493531406-bf63b32b8a6f.jpg,1151,658,2010,3318
photo-1526510747491-58f928ec870f.jpg,236,986,1981,3888
photo-1526540354-471ebff95055.jpg,244,410,1132,2172
photo-1526762204623-2d89f4ab1a09.jpg,1038,1486,1540,3474
photo-1526866351482-3faec1c76e91.jpg,811,1086,1549,3152
photo-1526931208932-14b79dd96623.jpg,1027,1078,1584,2835
photo-1527006752498-4c29e325a059.jpg,601,284,1786,1728
photo-1527058054345-f870ffe763eb.jpg,353,352,1886,1728
photo-1527203561188-dae1bc1a417f.jpg,507,1100,2592,3629
photo-1527423460268-0b3795a97e7f.jpg,818,511,1844,1728
photo-1527534085786-f44cde0659a2.jpg,613,1182,1807,3881
photo-1527613426441-4da17471b66d.jpg,601,224,2020,1765
photo-1527679403912-e259675e1464.jpg,941,1570,1417,3386
photo-1527718755910-54cac9d44cc5.jpg,0,57,2426,3240
photo-1527718926451-9120bb1d21a3.jpg,775,561,1736,3133
photo-1527719197793-6b777854108d.jpg,213,430,2208,3240
photo-1527734936079-4503237ac2ab.jpg,100,523,1802,3454
photo-1527735219999-77fb0815941e.jpg,434,356,2547,2082
photo-1527788732326-6134d4738eaa.jpg,0,669,2367,3913
photo-1528142704126-8b5aa26aa25e.jpg,744,855,1845,3456
photo-1528213049955-adbe6fe1dcbd.jpg,384,160,1691,1730
photo-1528605105345-5344ea20e269.jpg,1568,316,2529,1728
photo-1528770335918-55ed13482317.jpg,1579,313,1925,1272
photo-1528906135732-bd140f2769d8.jpg,242,689,1771,3888
photo-1529007196863-d07650a3f0ea.jpg,1225,363,2093,1728
photo-1529068755536-a5ade0dcb4e8.jpg,128,242,2501,2589
photo-1529069535309-8869ac48f10c.jpg,1110,758,1553,1730
photo-1529139574466-a303027c1d8b.jpg,161,791,2592,3888
photo-1529147945271-d83b7de5b247.jpg,534,432,2177,1728
photo-1529160749550-7bae16dc4d7b.jpg,1008,1576,1666,3456
photo-1529232356377-57971f020a94.jpg,490,346,1994,3884
photo-1529252233991-9ea40cd5ab41.jpg,748,1138,1801,3240
photo-1529266417172-5a552bc39ab9.jpg,0,1079,1864,3888
photo-1529494424087-ef1af287b825.jpg,191,109,2479,4339
photo-1529573603507-70ad30917905.jpg,983,74,1460,316
photo-1529626455594-4ff0802cfb7e.jpg,0,1072,2577,3888
photo-1529665730773-4f3fda31a5f9.jpg,495,206,1781,1728
photo-1529675804080-e12a8d5cef9b.jpg,728,624,1979,3888
photo-1529797228130-fe918ce6d915.jpg,1245,2106,1620,3412
photo-1529911194209-8578109840df.jpg,662,1334,2064,3888
photo-1529946254771-c4993f9db5d3.jpg,481,1146,1717,3248
photo-1529946825183-536c6317f60e.jpg,0,10,2268,3248
photo-1529963737880-198c6e3f71fb.jpg,877,2018,1300,3170
photo-1530020964433-10340ed08440.jpg,900,484,1680,1847
photo-1530021232320-687d8e3dba54.jpg,0,943,1858,3888
photo-1530092618047-513e0b7ba873.jpg,1007,1120,1539,2655
photo-1530268729831-4b0b9e170218.jpg,635,316,2013,1728
photo-1530300165042-f3031aaa4970.jpg,0,896,2592,3739
photo-1530341376087-d373e7cefa72.jpg,905,783,2050,3888
photo-1530466951295-f13b9bceb117.jpg,835,382,1534,1057
photo-1530631542809-a34985ce72ed.jpg,1385,1267,1701,1526
photo-1530878131793-cc5cbcba9a47.jpg,369,1516,1905,3872
photo-1530879099146-602ac5c176e0.jpg,1202,745,1584,1800
photo-1530984689090-a5d916692305.jpg,1128,711,1584,1728
photo-1531123414780-f74242c2b052.jpg,222,409,2512,3888
photo-1531152098621-1b075e02a7b0.jpg,501,425,2573,3442
photo-1531153002600-7adfa66c157f.jpg,439,1618,1958,3929
photo-1531299102504-fc718f23c100.jpg,343,429,2490,3888
photo-1531350046379-82ffc6d53619.jpg,2110,121,2549,1607
photo-1531503142345-91a2368273a2.jpg,919,1099,1766,3144
photo-1531696412892-14dfd3f4eb0d.jpg,972,1711,1634,2939
photo-1531763655487-430202fce550.jpg,874,184,2282,1730
photo-1531795625410-89ff9df249cd.jpg,500,510,1692,3720
photo-1531835225732-b33852c9d8ca.jpg,165,139,2592,3240
photo-1531879821578-4443ca119737.jpg,1537,464,1964,1361
photo-1532074205216-d0e1f4b87368.jpg,0,313,1572,3409
photo-1532461095313-7290e1b8b020.jpg,1054,1217,1503,2555
photo-1532653357083-3b1fb691fdad.jpg,760,153,2481,2861
photo-1532703321856-d512f3613d54.jpg,930,1112,1857,3897
photo-1532788653456-ac442c9b78d2.jpg,1493,978,2345,1728
photo-1533124998497-4d69c1a1b88d.jpg,1158,1770,1625,3158
photo-1533228876829-65c94e7b5025.jpg,1491,782,1768,1614
photo-1533398892249-1d93b83b958d.jpg,1167,279,1445,982
photo-1533399710066-c33de66fe6bb.jpg,74,490,2592,3888
photo-1533520268320-002d95fe2145.jpg,803,677,2592,3888
photo-1533578662531-a74302974c72.jpg,783,555,1781,1728
photo-1533674689012-136b487b7736.jpg,661,272,2163,1728
photo-1533748430324-45f466e36937.jpg,402,870,1055,1594
photo-1519699047748-de8e457a634e.jpg,206,309,2592,2592
photo-1520404209763-4699fa7f15f5.jpg,709,90,2106,1728
photo-1520975829288-0493fb89e574.jpg,916,1118,1602,3517
photo-1522898467493-49726bf28798.jpg,276,469,2500,1312
photo-1523441762460-ec62c5a82a40.jpg,84,860,2592,3888
photo-1524071556455-5773dff8256d.jpg,1189,260,1689,1190
photo-1524666228492-dfc20ca839b8.jpg,237,559,1854,3888
photo-1525693695120-2d472422cd82.jpg,825,1694,1738,3888
photo-1526420618620-c7aebf4f8cb2.jpg,1680,1135,2191,2444
photo-1527631746610-bca00a040d60.jpg,870,1693,1813,3888
photo-1528989578906-5bbb3f2a5677.jpg,748,1069,2454,3888
photo-1529795533870-ea8020391255.jpg,1409,55,2064,1600
photo-1530682046987-ab065bdaae8a.jpg,449,926,1254,2955
photo-1532031307901-4ea1e8a296a7.jpg,1676,632,2118,1582
photo-1533808305890-c3c37a803ed3.jpg,667,45,1790,1728
photo-1533815231596-8ed49f256a27.jpg,525,320,1377,1728
photo-1533819247973-433344de0709.jpg,711,1142,1400,3491
photo-1533850595620-7b1711221751.jpg,1221,611,1448,1284
photo-1533854827046-f5b995bd46bb.jpg,1092,306,1543,1728
photo-1533857474685-882873951157.jpg,905,204,1605,1728
photo-1533911824836-6d15cc00e356.jpg,294,890,2232,3888
photo-1533919484729-be3fa3fa0325.jpg,257,938,2511,3888
photo-1533931993121-c6668a1c6bfa.jpg,408,449,1959,3021
photo-1534030347209-467a5b0ad3e6.jpg,383,502,2324,3888
photo-1534083264897-aeabfc7daf8a.jpg,643,684,1967,1626
photo-1534184241306-2d7eb0ddbbde.jpg,1158,673,1937,2592
photo-1534208167920-d40cea6f69ab.jpg,1087,1849,1499,3010
photo-1534282276605-8fbdd2a3a6b8.jpg,804,676,1650,3033
photo-1534404483017-8743b4e935cd.jpg,930,695,1659,1945
photo-1534418981420-34395cc92e2d.jpg,812,557,2106,1717
photo-1534429068323-d715c5a6d96b.jpg,0,251,2197,3888
photo-1534680005367-f383c6f09a0d.jpg,698,1643,1836,3131
photo-1534775530765-056cb4bf0636.jpg,1067,631,1505,1728
photo-1534790741270-1ecaaee38a98.jpg,1134,515,1712,1729
photo-1534865007446-5214dca11db4.jpg,792,991,1896,3660
photo-1534957733891-37dd7ead7054.jpg,880,443,1710,1728
photo-1535207010348-71e47296838a.jpg,152,588,2008,3913
photo-1535252163900-c3f7f5443865.jpg,414,780,2195,3888
photo-1535462931506-5dcf03a52e7c.jpg,137,346,1909,3916
photo-1535479904932-6efdeabe3212.jpg,416,43,2334,1728
photo-1535713875002-d1d0cf377fde.jpg,130,542,2555,2592
photo-1535728544850-3ad0682a7078.jpg,847,1261,1661,3684
photo-1535895374852-6ec962a018a9.jpg,1099,1433,1641,3323
photo-1535903323240-6a9ec275bb5e.jpg,1142,1567,1768,3778
photo-1535982533957-55b1b66907a5.jpg,590,880,1735,3694
photo-1536028009925-1a0d66558f20.jpg,583,389,1286,1455
photo-1536416992256-1c91ce9ccdfd.jpg,203,619,2592,3240
photo-1536429145793-67ab038bb4c3.jpg,1049,487,1586,1447
photo-1536640712-4d4c36ff0e4e.jpg,124,207,2356,3456
photo-1536679815115-54d2bb2c6076.jpg,1269,624,1621,1667
photo-1536720298877-693b87f05655.jpg,9,1072,2446,3888
photo-1539698103494-a76dd0436fbc.jpg,660,1057,1903,3292
photo-1540569014015-19a7be504e3a.jpg,180,883,2586,3456
photo-1540987949307-1f64738cf998.jpg,935,1525,1226,2498
photo-1541044051271-dcc94636aa72.jpg,728,125,2083,1728
photo-1541284249430-534171b90445.jpg,73,757,2592,3888
photo-1541294210512-52fad252feed.jpg,802,570,1863,1728
photo-1541327358794-2fac8c169352.jpg,587,577,2359,1606
photo-1541339543133-bab59905411e.jpg,336,0,1458,1954
photo-1541342003361-4f01c627e20a.jpg,1314,1565,1411,1828
photo-1541345503026-4356ccc6589e.jpg,666,601,2034,1472
photo-1541428166776-2d0445c35c1b.jpg,221,2325,743,3857
photo-1541453269282-2cca4325771f.jpg,846,1944,1472,2575
photo-1541455610225-2a2fc338cf29.jpg,2537,868,2592,989
photo-1541515929569-1771522cbaa9.jpg,798,341,2141,1728
photo-1541524158346-4cc5184ffb63.jpg,1077,660,1756,1728
photo-1541534401786-2077eed87a74.jpg,394,579,1948,2592
photo-1541536556867-5c6a7d3cc064.jpg,1170,1048,1435,1489
photo-1541582596622-c0a08ae45b9f.jpg,555,337,1040,1522
photo-1541614256854-6fbf99e006b5.jpg,0,302,2222,3674
photo-1541614354572-3d88c912851a.jpg,998,77,1591,1419
photo-1541626253827-15463f3479c5.jpg,1127,2122,1413,2895
photo-1541680865499-156445897481.jpg,37,1614,1925,3888
photo-1541691060839-5b5893ba1fb0.jpg,894,715,1183,1133
photo-1541757088-1c919081357f.jpg,258,113,1680,1636
photo-1541784631340-07506b63cfbf.jpg,185,64,1708,1728
photo-1541924006094-425b150445bc.jpg,936,194,2551,1728
photo-1541938434-311f13db9500.jpg,1468,3002,1741,3698
photo-1541945871441-1004baea6f8e.jpg,921,390,1518,1723
photo-1541951663884-d86aec2172d8.jpg,1305,2240,1483,2753
photo-1541962790357-56f075366f15.jpg,845,1105,1667,2968
photo-1541971868625-37ae36051aaa.jpg,672,2012,1736,2924
photo-1542022737091-59d2be05fc47.jpg,1046,528,1594,1269
photo-1542053117186-b0e0c92c474b.jpg,1170,752,1415,1358
photo-1542132583-3599b0b5c1cf.jpg,387,187,1897,1728
photo-1542177546-dca0e0e9649c.jpg,1218,1149,1408,1620
photo-1542186910-5d9601d12a2d.jpg,445,1032,1509,2442
photo-1542206162-565d5be0796c.jpg,1250,2233,1625,2669
photo-1542207342-464d0c94c21c.jpg,760,1338,1736,4078
photo-1542221338-fa1f6d170532.jpg,600,58,1931,1776
photo-1542248311-3fad91567050.jpg,1305,172,1420,414
photo-1542295856-082da537cda4.jpg,201,299,1934,3501
photo-1542311042-8fab857fd498.jpg,1061,542,1460,1129
photo-1542323327795-3bbabea38cc7.jpg,1170,889,1371,1372
photo-1542327546-881c2a68a4d0.jpg,393,1700,2316,3888
photo-1542330952-bffc55e812b2.jpg,546,14,2019,1247
photo-1542338008-05b9957c5f1a.jpg,394,512,1667,3240
photo-1542343633-ce3256f2183e.jpg,415,1046,2592,3888
photo-1542397656-5dfd6adec561.jpg,481,681,1681,1730
photo-1542398179-99b37b65a87b.jpg,1182,968,2026,3888
photo-1542409432-9de2c84cdfe6.jpg,244,100,2192,1728
photo-1542409754095-016db2d408d3.jpg,447,296,1848,1728
photo-1542446633-362158ea0052.jpg,567,393,757,788
photo-1542461957-983eebb33b43.jpg,1242,2789,1574,3440
photo-1542467490128-851f6ddabbda.jpg,1260,647,1535,1194
photo-1542481776-2e5831c21f0d.jpg,1282,762,1470,1347
photo-1542513217-0b0eedf7005d.jpg,0,255,2515,3240
photo-1542546257-ce68c29d8d19.jpg,923,1061,1630,3251
photo-1542548824-ae3686934516.jpg,1319,1731,1726,2771
photo-1542551553-badfdf247b7e.jpg,983,438,2126,1728
photo-1542564946-8a26319e51c5.jpg,718,233,1701,1728
photo-1542594566-80ac9b4351cc.jpg,1325,728,2359,1620
photo-1542596768-5d1d21f1cf98.jpg,90,620,2510,3888
photo-1542663992-7ccaf6d61ad5.jpg,1000,559,1376,1340
photo-1542687594-a46b703ab4ad.jpg,986,1519,1570,3494
photo-1542709305-460897a8d84c.jpg,257,111,2040,1728
photo-1542727313-4f3e99aa2568.jpg,0,78,1567,1728
photo-1542728498-09c6a1af7cb9.jpg,946,442,1423,1550
photo-1542776575-f1623249ce85.jpg,622,487,2339,3888
photo-1542804691-0ac89a55ef3e.jpg,926,380,1802,1321
photo-1542838686-37da4a9fd1b3.jpg,659,666,2073,3705
photo-1542892650-7659c76be2e3.jpg,1298,657,1924,2564
photo-1542908988-784cd364765f.jpg,885,164,1630,927
photo-1542909168-82c3e7fdca5c.jpg,767,281,2385,2592
photo-1542933528-9323990e3a9f.jpg,0,292,1948,1728
photo-1543117976-792a2d6ddb1d.jpg,1017,1186,2057,3766
photo-1543229912-d69e86dc1dc2.jpg,168,338,2592,3888
photo-1543264409-e5b66373d4d8.jpg,850,865,1882,2753
photo-1543311202-45cebd83d7b1.jpg,861,505,1730,1728
photo-1543379344-402b42ddbe8a.jpg,522,593,2137,3241
photo-1545115224-c57403dc8fc6.jpg,293,67,2592,1728
photo-1546661087-32e241801496.jpg,839,316,1741,1519
photo-1546820389-44d77e1f3b31.jpg,156,1037,2421,3240
photo-1547624643-3bf761b09502.jpg,590,84,2592,3888
photo-1548142813-c348350df52b.jpg,136,1313,2592,3872
photo-1548536904-f6660b76e77a.jpg,0,418,2522,3888
photo-1549212926-52d38aaf0995.jpg,1082,1971,1528,3434
photo-1549212926-920647491c5d.jpg,1091,1304,1452,2783
photo-1551073179-0be3ab1dbf1d.jpg,50,701,2592,3240
photo-1551292831-023188e78222.jpg,572,228,2356,1728
photo-1551706362-d5ab91bdd5b1.jpg,0,483,2397,3888
photo-1551980075-806bec0b4720.jpg,949,486,1362,1869
photo-1551982316-b07c41cfc8a6.jpg,870,461,1944,3539
photo-1552058544-f2b08422138a.jpg,0,481,2101,3770
photo-1553283170-53414ec5177f.jpg,808,386,1954,1458
photo-1553301174-5dffa1736f61.jpg,870,590,1597,1728
photo-1553989577-14e950184619.jpg,0,216,1777,1681
photo-1553993385-8638bf3acd29.jpg,722,584,2258,3238
photo-1554151228-14d9def656e4.jpg,0,191,2448,3898
photo-1554311884-415bfda22b47.jpg,1008,778,1609,2636
photo-1554727242-741c14fa561c.jpg,74,399,2543,3888
photo-1555364555-e907cbaa61b6.jpg,1199,751,1511,1588
photo-1555589182-9a54b861d138.jpg,334,219,2592,3240
photo-1555952517-2e8e729e0b44.jpg,0,191,2115,2955
photo-1557862921-37829c790f19.jpg,777,83,2022,1728
photo-1558515543-7b63156d1f70.jpg,952,1405,1372,2498
photo-1558565701-31805fdd5c64.jpg,905,550,1872,1944
photo-1558755151-b931c19f89d4.jpg,0,930,2013,3209
photo-1559117573-34723c40ef1e.jpg,1137,1568,1265,2022
photo-1559654189-342d45b54b1e.jpg,613,80,1903,1460
photo-1559843811-a733d94b6f8a.jpg,860,345,1813,1728
photo-1560250097-0b93528c311a.jpg,10,246,2592,3888
photo-1560365163-3e8d64e762ef.jpg,0,484,2470,3240
photo-1560539553-8eebc129dc38.jpg,1172,1418,1701,3250
photo-1560748526-881455a4e9b2.jpg,984,186,2116,1728
photo-1560789929-0b91d6559851.jpg,276,1481,2557,4607
photo-1562038969-e85c13ecb2ac.jpg,263,292,2307,3884
photo-1562043346-2cfd794511e0.jpg,1621,898,1955,1174
photo-1562206932-a4bc8615c1f1.jpg,446,40,2592,1729
photo-1562925217-61a965391d53.jpg,925,142,2263,1728
photo-1563350316-9f7fc841d2c4.jpg,527,148,2289,1728
photo-1563584316028-2b70b3a3a8bf.jpg,644,1436,2592,3888
photo-1563620915-8478239e9aab.jpg,0,1062,2189,2629
photo-1563713076139-d9f44e576124.jpg,531,146,1577,1562
photo-1564463836146-4e30522c2984.jpg,438,464,1787,1728
photo-1565463281984-f5a778c6ca80.jpg,166,725,2592,3456
photo-1565800489013-c64859d0c2d5.jpg,879,279,1513,1294
photo-1566026704123-16445bc4a86a.jpg,766,218,1377,1514
photo-1566492031773-4f4e44671857.jpg,3,755,2335,3888
photo-1566498016720-e1e61a7fc31b.jpg,401,459,2301,1807
photo-1566657068469-0483072642f3.jpg,1286,627,1470,1156
photo-1566930753949-fc3ef91faf3a.jpg,363,53,2592,3888
photo-1567002561236-cef3fb9aa301.jpg,844,1120,1111,1728
photo-1567186937675-a5131c8a89ea.jpg,0,1163,1830,3888
photo-1567336273898-ebbf9eb3c3bf.jpg,817,72,2592,2668
photo-1567468219153-4b1dea5227ea.jpg,331,321,1557,1728
photo-1567496204198-00c7e2a4ce63.jpg,998,824,1363,1207
photo-1567532939604-b6b5b0db2604.jpg,142,1032,2464,3888
photo-1568046866607-812203f31d41.jpg,0,58,2592,3878
photo-1568553744327-1efafbc80c5e.jpg,627,86,2243,1728
photo-1568602471122-7832951cc4c5.jpg,932,165,2354,1729
photo-1569124589354-615739ae007b.jpg,694,258,1813,1728
photo-1570158268183-d296b2892211.jpg,0,645,2486,3888
photo-1570295999919-56ceb5ecca61.jpg,18,293,2160,2592
photo-1570612861542-284f4c12e75f.jpg,473,236,2150,1728
photo-1573003117168-4d2cea8bc84a.jpg,606,1783,1853,3888
photo-1573496359142-b8d87734a5a2.jpg,654,626,2308,3883
photo-1574099253013-a3521c2e9de0.jpg,0,182,2592,3931
photo-1574271963763-49928db560d3.jpg,1180,927,1446,1840
photo-1574784618880-a1036d310e7c.jpg,387,189,2151,1728
photo-1575767931074-a91868c89acb.jpg,506,164,2269,1728
photo-1577578948325-47f515220715.jpg,755,152,2592,1728
photo-1579295560051-3df968edb036.jpg,381,520,2592,3888
photo-1579453316158-ab4918060bee.jpg,0,1025,2273,3888
photo-1579704650564-77f58515575b.jpg,0,659,2143,3188
photo-1580529688268-8f7eb025c190.jpg,207,256,1598,1728
photo-1580635327346-2ec746c270a2.jpg,171,934,2592,3957
photo-1580869429356-a07ab2cb25c4.jpg,506,878,1782,3456
photo-1581182800629-7d90925ad072.jpg,715,93,2475,1728
photo-1581354109425-720bae025466.jpg,1271,2091,1835,3139
photo-1581466046946-06ea1cdcda9a.jpg,561,99,2592,1728
photo-1581941894991-b7f75a66b7bf.jpg,449,216,2592,3456
photo-1582075403996-fd4188a176ff.jpg,1092,1663,1527,2951
photo-1582670590459-58efdc5c05a0.jpg,459,204,2411,4275
photo-1582697274900-b91cc781f58c.jpg,1908,3104,2104,3368
photo-1582733979150-f7c863d2fd9d.jpg,67,803,1880,2918
photo-1582792352522-6bc15b6e13e5.jpg,368,0,2154,1593
photo-1582917626755-57038b4388f4.jpg,0,528,2592,3371
photo-1582929136288-b38f9446af08.jpg,357,336,1681,1728
photo-1582993194943-70f139325308.jpg,199,135,2140,1324
photo-1583173170220-22d82796672a.jpg,0,538,2592,3563
photo-1583440012065-e99ad5f8f4c9.jpg,952,26,2592,1728
photo-1583843364289-0d1b2978874c.jpg,142,476,2592,3888
photo-1584351830300-4eae0a6f5ed9.jpg,743,325,1466,1455
photo-1584853538847-f3405f62b905.jpg,477,190,2592,3888
photo-1584911883494-14280ff783e4.jpg,1172,800,1415,1404
photo-1585220809051-f34c47ab0554.jpg,1213,1192,1986,3102
photo-1585418244931-4cb811b61092.jpg,269,1404,1462,3888
photo-1585496661952-434a2b7b5375.jpg,1209,640,1382,1007
photo-1585645823369-872eac766d96.jpg,493,274,1930,1728
photo-1585977648536-7f9a7edbe495.jpg,765,3147,1692,4607
photo-1586486345341-a831dc1da6f1.jpg,1171,1051,1305,1457
photo-1586723276476-4f8edb2b77c6.jpg,0,89,2088,3883
photo-1586723815262-83713dcfbfa1.jpg,804,572,2010,2592
photo-1586977972968-92350785b8e5.jpg,379,636,2321,3888
photo-1586978038533-ad0d4b55095b.jpg,936,1187,1394,2555
photo-1587398396609-5bc29d58a096.jpg,639,372,2592,3873
photo-1587428600791-88c941937fdb.jpg,1063,306,1529,1307
photo-1587635376250-94b4aeef4c3a.jpg,474,192,2389,3240
photo-1587812861198-6dfd6eec28f6.jpg,109,172,2592,3240
photo-1587885392110-a8ab0d897860.jpg,1741,1931,2035,2684
photo-1588186064732-a36fbfdc2323.jpg,0,804,2418,3896
photo-1588453383063-37ea0b78f30f.jpg,403,283,1608,1730
photo-1588701177361-c42359b29f68.jpg,0,208,1384,1728
photo-1535295972055-1c762f4483e5.jpg,174,1436,2369,3888
photo-1537511446984-935f663eb1f4.jpg,657,76,2354,1728
photo-1541715877453-1b035764da98.jpg,1194,1820,1771,3198
photo-1542228935-eb10cfc468a3.jpg,988,324,2269,1728
photo-1542578985-15ccf7e6d990.jpg,695,189,1681,1436
photo-1543357480-c60d40007a3f.jpg,887,601,1690,1380
photo-1554555819-f722cb0c01c5.jpg,102,911,2592,3888
photo-1562003389-902303a38425.jpg,900,203,2268,1563
photo-1566670544771-01d7826b2f07.jpg,759,616,2592,3888
photo-1571090308606-124919adff74.jpg,800,129,2370,1728
photo-1581354400550-1c286f4a90b9.jpg,1542,1014,2055,1577
photo-1584323770657-ae641df90098.jpg,50,1078,2592,4607
photo-1588720657799-3e03ddf213e0.jpg,884,705,2334,3858
photo-1591818873890-af62055e5137.jpg,1021,335,1626,1695
photo-1593601679471-bd6dc74c0d7c.jpg,0,19,2533,3003
photo-1597528951916-2088c8f22757.jpg,0,742,2318,3888
photo-1601374670932-0f3c4e5b952e.jpg,829,135,2397,1944
photo-1606396475291-0c25c03d4eed.jpg,678,236,1762,1464
photo-1610780757769-d46802dc2675.jpg,1032,566,1711,1728
photo-1613570154508-cdd93b414d72.jpg,502,66,2592,1786
photo-1616286608358-0e1b143f7d2f.jpg,222,249,1718,1728
photo-1619738564576-ce73d926a3a8.jpg,148,0,2199,1728
photo-1644982647531-daff2c7383f3.jpg,1207,218,2476,1944
photo-1588720657859-f6c816741cb8.jpg,521,15,2530,3888
photo-1589127815612-fb3d4b42203c.jpg,0,229,2469,3628
photo-1589571894960-20bbe2828d0a.jpg,0,1110,2323,3896
photo-1589696485114-9e2f81d83484.jpg,331,952,2592,3888
photo-1589919467577-1ed6b3a883de.jpg,1664,244,2080,1519
photo-1589972378918-691b3d4a91ea.jpg,1001,837,1776,1803
photo-1590566489785-27326e631539.jpg,748,1069,2592,3888
photo-1590895178913-3d3472310a47.jpg,244,63,2111,1730
photo-1590895340509-793cb98788c9.jpg,123,283,2077,2770
photo-1590925942021-1d44c253d204.jpg,1162,84,2592,1848
photo-1591001513110-7af0125b6ab8.jpg,1038,496,1373,1618
photo-1591304990819-138eb98a3a6b.jpg,692,172,2592,3655
photo-1591361796603-01599a42e701.jpg,297,1194,2271,3883
photo-1591772504183-7e2c6490cdd8.jpg,780,90,1872,1266
photo-1591865500372-e42dae13379d.jpg,113,906,2252,3480
photo-1591865500820-d4318357f008.jpg,263,267,2353,3676
photo-1591865500906-c3c1b5008fdc.jpg,505,872,2297,3533
photo-1591865501237-e9ae721d7ba7.jpg,0,527,2397,3176
photo-1591865501579-82508c1c0cf4.jpg,302,568,2137,3476
photo-1591865501639-7e5a1864e7fe.jpg,911,209,2229,1728
photo-1591865501728-b1309945092d.jpg,743,894,2209,3501
photo-1591865501991-2024614c64e7.jpg,623,32,1974,1663
photo-1591865502144-5b7e54e3ffcd.jpg,0,48,2592,3742
photo-1591865502295-e302d48ea15a.jpg,388,569,2592,3470
photo-1591961169742-15818953881d.jpg,1000,1546,1250,2546
photo-1592465903416-385f1b0d2514.jpg,568,949,1981,3888
photo-1593104547489-5cfb3839a3b5.jpg,379,291,1638,1763
photo-1593360322032-a8008d029c41.jpg,36,536,2024,3883
photo-1593601680182-43a9e59f6805.jpg,501,64,2521,1728
photo-1593601680767-3a289f3761aa.jpg,250,210,1717,1851
photo-1594058374296-33aa9cae524a.jpg,307,1365,2390,3842
photo-1594270410221-e6a33cbc6fb9.jpg,748,1016,2141,3888
photo-1595857997852-6cdae332b05b.jpg,872,444,1756,1566
photo-1596335062702-c58ad52f9db9.jpg,105,117,2592,3453
photo-1596455681666-bb2f4403d1c6.jpg,567,1525,1807,2498
photo-1596813362035-3edcff0c2487.jpg,201,472,2378,3456
photo-1596815074853-84c4949c5b58.jpg,498,1311,1890,3500
photo-1596935884413-260a972dab44.jpg,0,70,2592,2466
photo-1597337200129-d81a86721847.jpg,515,580,1976,1728
photo-1597528739342-59eff9e7097a.jpg,0,119,2592,2937
photo-1597586124394-fbd6ef244026.jpg,273,1256,2145,3888
photo-1598095656333-001502ba636e.jpg,168,129,2592,1728
photo-1598259597675-169d1b71cf27.jpg,812,293,2037,3789
photo-1598259748527-7bc30d303043.jpg,1026,1292,2081,3265
photo-1598610139007-45ad9f85c90f.jpg,0,1561,2170,3888
photo-1599140458985-d80aad8b06f0.jpg,353,223,2077,1728
photo-1599140781147-e9a53c8cdd03.jpg,165,205,1814,1728
photo-1599140781162-68659a79e313.jpg,478,348,1894,1728
photo-1599140782241-144735f5949a.jpg,413,359,1996,1728
photo-1599566147214-ce487862ea4f.jpg,153,422,2592,4341
photo-1599842057874-37393e9342df.jpg,332,1079,2592,3888
photo-1600878459138-e1123b37cb30.jpg,95,323,2592,3712
photo-1601006986549-e028da30b614.jpg,545,51,2038,1679
photo-1601374670920-ad43d9ae8d2d.jpg,709,35,2541,1944
photo-1601374671040-5140f634bbef.jpg,686,349,2581,1944
photo-1601412436009-d964bd02edbc.jpg,0,59,2208,3240
photo-1601844084104-8ae1cbc2492c.jpg,126,41,2485,1458
photo-1601873781124-b55cfc3c8316.jpg,520,363,2202,3145
photo-1602670895785-e631ecc46e01.jpg,885,372,1947,1718
photo-1604465830407-1a564ca14f7b.jpg,315,30,2459,3240
photo-1604771857548-f5c342d99f09.jpg,693,529,2592,3240
photo-1605284909169-5e93b375cd4d.jpg,586,138,2463,1728
photo-1605464725754-9989305051a9.jpg,121,642,2592,3888
photo-1605528634461-d6e75c12042f.jpg,491,621,2086,3628
photo-1605567308366-8a2b0cd9b173.jpg,0,153,2340,1728
photo-1605569181607-89f5391eb251.jpg,0,193,1941,2670
photo-1605951619579-3f5f6c36c646.jpg,0,1300,2459,3883
photo-1606208397452-29faa5b695f5.jpg,41,679,2592,3888
photo-1606317961001-53e139c5b3bc.jpg,335,832,2456,3888
photo-1606426610010-6f313480ef86.jpg,0,206,2112,2500
photo-1606655379652-f41f8cbb9ef9.jpg,236,144,1943,1728
photo-1606931348697-37c944865fca.jpg,872,324,2392,1728
photo-1607017137021-5dc7e8cd4317.jpg,486,409,2592,3456
photo-1607217634260-ba30f471aaf6.jpg,16,487,2592,3888
photo-1607346256330-dee7af15f7c5.jpg,1029,120,2509,1660
photo-1607591605294-3bc7de56e5c2.jpg,648,216,1948,1455
photo-1607740527884-7fe5ee67a68a.jpg,199,320,1401,1725
photo-1608077946497-25e36e3d6191.jpg,309,323,2414,3263
photo-1608791952180-79294109d843.jpg,148,162,2535,3888
photo-1608932931398-80f38fc81740.jpg,292,44,2592,3888
photo-1609042759123-29fff630550d.jpg,111,1607,2592,3888
photo-1609043238954-c069d4e5a0e4.jpg,662,409,1767,1728
photo-1609043239075-b84f30707c63.jpg,821,804,2592,3888
photo-1609905926423-958238014f97.jpg,124,309,1999,2999
photo-1609973010723-fc9c81a06fa9.jpg,364,258,749,1458
photo-1610015979678-f7dac3a6e45e.jpg,816,139,1739,1728
photo-1610216705422-caa3fcb6d158.jpg,135,596,2446,2592
photo-1610371335245-ba23aa46800a.jpg,470,390,1739,1614
photo-1610392533001-bccdab7d9234.jpg,597,1612,2048,3456
photo-1610414267607-483483cd817f.jpg,0,559,1955,3629
photo-1610431205421-739e027cc0ce.jpg,446,32,2148,1728
photo-1611213574794-5e2ea4d6c339.jpg,285,376,2122,1728
photo-1611244420030-b22f359eee31.jpg,702,251,2000,2744
photo-1611244420182-82cc3323eadc.jpg,0,34,1870,2209
photo-1611885890372-c36429bfa50f.jpg,1204,548,1505,1462
photo-1611987345939-a481cc27367e.jpg,1331,175,2473,2016
photo-1612040866046-919238fb5544.jpg,1114,284,1964,1458
photo-1612041057208-38c67135fa3b.jpg,597,435,1028,1352
photo-1612061279301-c1bd3a484fcf.jpg,371,1328,1707,3888
photo-1612441611175-f101b02c930d.jpg,495,543,2134,3702
photo-1613061770041-0a3005815be4.jpg,822,1427,2592,3252
photo-1613152748447-e126a98fbdaa.jpg,417,182,2373,1728
photo-1613230564591-5f842c3ff8b6.jpg,810,110,2503,1455
photo-1613667821723-35e4e3e04671.jpg,718,838,1557,1669
photo-1613847397516-033a0a09bd1d.jpg,70,1387,2476,3896
photo-1614063833042-249dd128031a.jpg,748,563,1159,1564
photo-1614063878421-766fd143762e.jpg,1122,2025,1522,2719
photo-1614246036779-bd8641086255.jpg,247,242,1960,1689
photo-1614327936860-bd8660e144ef.jpg,327,1297,2373,3888
photo-1614701984816-f35d78f9c965.jpg,321,1028,2289,3888
photo-1614709444769-e9443393fca6.jpg,163,62,2592,3888
photo-1614786269829-d24616faf56d.jpg,871,433,1701,3355
photo-1614970093356-5f6b7c3cfe96.jpg,0,109,2404,1728
photo-1615242586099-ad758c8a24cf.jpg,104,38,1677,1728
photo-1615332327401-3c8f03c8af5f.jpg,254,613,2592,3888
photo-1615473967657-9dc21773daa3.jpg,144,401,2129,1728
photo-1615506236937-446d39d6cbce.jpg,917,1316,1869,3548
photo-1615934679271-1810698dfdfb.jpg,878,613,2448,1102
photo-1615934750131-aab990c02484.jpg,768,228,2048,1224
photo-1615965764209-2b01c8b946a9.jpg,1407,1757,2592,3888
photo-1616117690865-1aadc7aa6666.jpg,35,46,2562,1728
photo-1616337900440-056dd0f082d3.jpg,593,314,1930,3888
photo-1616430292050-64f5ca6b2260.jpg,422,404,1574,1728
photo-1616540389123-c61321e55dc0.jpg,907,1215,2209,3027
photo-1616540389399-3033c4ba7072.jpg,1027,633,2592,3888
photo-1616540641528-f9d1abbca1c5.jpg,320,169,1757,1856
photo-1616540732763-6a2368545a54.jpg,0,322,2592,2840
photo-1616541302349-9087fc3aab24.jpg,605,127,2191,1728
photo-1616541303066-b5099a20d7f1.jpg,824,198,1696,1728
photo-1617694979129-c093b108cc4a.jpg,423,720,2151,2467
photo-1617859822391-9c4bc92ff4f4.jpg,0,36,1529,1723
photo-1618597016412-69f6d8f6c715.jpg,134,235,2592,3888
photo-1619165915846-43d3b9445823.jpg,436,677,1715,3089
photo-1619365734050-cb5e64a42d43.jpg,0,756,2319,3888
photo-1503341338985-c0477be52513.jpg,952,326,1583,1728
photo-1504346466600-714572c4b726.jpg,1456,138,1964,1312
photo-1504593811423-6dd665756598.jpg,713,380,1685,1728
photo-1504899567410-7501a313cadd.jpg,906,975,2264,3243
photo-1505232070786-2f46d15f9f5e.jpg,1092,661,1388,1332
photo-1506020586658-dc233fca3bdf.jpg,1118,730,1412,1641
photo-1506223158100-7e10422f0c23.jpg,1169,730,1430,1400
photo-1506633541287-7c7544a7a706.jpg,474,1140,2112,3888
photo-1506748686214-e9df14d4d9d0.jpg,1213,1748,1504,2496
photo-1508184964240-ee96bb9677a7.jpg,347,807,2592,3888
photo-1508214751196-bcfd4ca60f91.jpg,509,189,1920,1728
photo-1508312916837-f6a8aeb9278d.jpg,864,73,2405,1728
photo-1508558936510-0af1e3cccbab.jpg,1115,709,1477,1108
photo-1508906717407-36744fdad653.jpg,1446,916,2106,2733
photo-1510944331067-02ff35ce969b.jpg,0,77,2534,1728
photo-1512310604669-443f26c35f52.jpg,562,791,2588,3465
photo-1512646605205-78422b7c7896.jpg,383,46,2022,2700
photo-1513117070-47df6136fd4e.jpg,800,1288,1853,3456
photo-1514479192552-9851ddac2b27.jpg,1908,553,2260,1519
photo-1516790987203-731c5d30f489.jpg,338,190,2296,3888
photo-1517017545912-2b0c396f3d09.jpg,750,1476,1812,3888
photo-1520410006060-eb5c4710b802.jpg,1033,874,2148,3629
photo-1520415175578-0dd2b54db20a.jpg,430,601,2476,3452
photo-1520432348192-9cdc52574c87.jpg,896,792,1829,3616
photo-1520462706568-96ca79875cd9.jpg,462,531,2050,3374
photo-1520472544777-0084dbb4408f.jpg,1032,402,1538,1728
photo-1520769311170-3e7df0ea5a0a.jpg,1113,971,1483,1728
photo-1520803687-33c813e24051.jpg,1556,248,1878,1393
photo-1520833914919-a7c5684fea4d.jpg,586,0,2592,3421
photo-1520897446241-814e7bb69e91.jpg,28,330,2050,3888
photo-1520911544319-dae550e93e53.jpg,602,616,1656,1566
photo-1520965291898-92731ff2f8ad.jpg,785,698,1648,3140
photo-1520965382788-cd4c13a8a902.jpg,28,266,2434,3233
photo-1520975489669-2a9afd245c5d.jpg,740,856,2446,2346
photo-1520975708797-fd2543e902bf.jpg,638,1001,2050,3545
photo-1520975764749-7397d17130a2.jpg,0,401,2512,3888
photo-1524672322836-87e128d1652f.jpg,614,1201,2181,3240
photo-1524854859347-bd2f42367134.jpg,444,1302,2592,3888
photo-1524985154550-b74ce9227409.jpg,376,952,2592,3913
photo-1525077769455-287cd9d231a6.jpg,1219,211,2198,1728
photo-1525099089286-22b00686071d.jpg,1721,945,1954,1728
photo-1525129498994-580709352e20.jpg,659,64,2148,1730
photo-1525134479668-1bee5c7c6845.jpg,222,651,2592,3886
photo-1525187387766-b66e87e10907.jpg,502,1662,1778,3357
photo-1525316737094-149be8296bf9.jpg,905,2191,1509,3718
photo-1525360945394-7bccf2809123.jpg,808,363,2320,3240
photo-1525451350286-a21d5aef139c.jpg,400,546,1439,2443
photo-1525466572607-fd51f44a2d41.jpg,815,1276,1603,2253
photo-1525631754403-7657f7eac71e.jpg,520,327,2324,3800
photo-1525665363629-cdf85a703b50.jpg,124,1160,2592,4607
photo-1619871335024-a73158105b42.jpg,91,119,1861,1788
photo-1620045315169-771225b6b45c.jpg,861,0,2592,1238
photo-1620231145627-fd3a3b321d57.jpg,469,140,2536,1728
photo-1620252655460-080dbec533ca.jpg,49,109,2592,3888
photo-1620349601077-7b30fc875dd3.jpg,151,250,2110,2598
photo-1620600573818-211930469539.jpg,785,1837,1457,3888
photo-1621710633764-6cfcd2917ff1.jpg,143,758,2592,3888
photo-1622278802706-8429429cb3ab.jpg,411,360,2070,1742
photo-1624003379108-cf5b9cd41d35.jpg,532,231,2397,1728
photo-1626668011687-8a114cf5a34c.jpg,79,631,2592,3888
photo-1627012481660-64a3f3d8ebad.jpg,655,304,2383,1728
photo-1628499636754-3162d34ca39c.jpg,0,1455,2420,3888
photo-1644982647708-0b2cc3d910b7.jpg,950,444,2172,1944
photo-1644982648600-4583461837f8.jpg,805,0,2592,1653
photo-1644982654131-79f434ac0c6c.jpg,470,0,2121,1729
photo-1648737963059-59ec8e2d50c5.jpg,815,604,1768,1434
photo-1648737963503-1a26da876aca.jpg,513,359,1762,1728
photo-1648737965955-735637020c7a.jpg,389,291,1331,1728
photo-1648737965997-38b0cdf41c94.jpg,921,377,1838,1728
photo-1648737966326-eb0770cec304.jpg,585,746,2073,1725
photo-1657214058406-bb36358fe2f0.jpg,0,945,1109,3000
photo-1657214059175-53cb22261d38.jpg,0,221,2167,3456
photo-1657214059212-104dac959c56.jpg,354,298,2592,3888
photo-1664574652984-5b5f769bef07.jpg,790,343,2110,1728
photo-1664574654561-4c54605b1372.jpg,1001,1605,1712,3038
photo-1664575195621-a5f347e67554.jpg,887,60,2592,1728
photo-1664575600796-ffa828c5cb6e.jpg,1149,506,1755,1293
photo-1664575602554-2087b04935a5.jpg,98,1090,2268,3888
photo-1665686304312-16e3a16be0ed.jpg,673,201,2592,1729
photo-1670272499188-79fe22656f64.jpg,332,120,1489,1728
photo-1670272504471-61a632484750.jpg,667,228,1779,1728
photo-1671726203422-dd710fd8a72d.jpg,988,229,1823,1324
photo-1671726203454-5d7a5370a9f4.jpg,372,187,1726,1728
photo-1671726203458-dce3f72b729e.jpg,1153,294,2072,1507
X7L5hgFXQZazzPaK3goC_14084990857_88cabf3b6d_o.jpg,1709,607,3264,2056
